C:\Users\aldri\OneDrive\Desktop\SelfDrivingCars\IMG\center_2020_07_05_20_49_15_719.jpg, C:\Users\aldri\OneDrive\Desktop\SelfDrivingCars\IMG\left_2020_07_05_20_49_15_719.jpg, C:\Users\aldri\OneDrive\Desktop\SelfDrivingCars\IMG\right_2020_07_05_20_49_15_719.jpg, 0, 0, 0, 0.07226627
C:\Users\aldri\OneDrive\Desktop\SelfDrivingCars\IMG\center_2020_07_05_20_49_15_819.jpg, C:\Users\aldri\OneDrive\Desktop\SelfDrivingCars\IMG\left_2020_07_05_20_49_15_819.jpg, C:\Users\aldri\OneDrive\Desktop\SelfDrivingCars\IMG\right_2020_07_05_20_49_15_819.jpg, 0, 0, 0, 0.08397804
C:\Users\aldri\OneDrive\Desktop\SelfDrivingCars\IMG\center_2020_07_05_20_49_15_924.jpg, C:\Users\aldri\OneDrive\Desktop\SelfDrivingCars\IMG\left_2020_07_05_20_49_15_924.jpg, C:\Users\aldri\OneDrive\Desktop\SelfDrivingCars\IMG\right_2020_07_05_20_49_15_924.jpg, 0, 0, 0, 0.1755887
C:\Users\aldri\OneDrive\Desktop\SelfDrivingCars\IMG\center_2020_07_05_20_49_16_029.jpg, C:\Users\aldri\OneDrive\Desktop\SelfDrivingCars\IMG\left_2020_07_05_20_49_16_029.jpg, C:\Users\aldri\OneDrive\Desktop\SelfDrivingCars\IMG\right_2020_07_05_20_49_16_029.jpg, 0, 0.1966374, 0, 0.3733699
C:\Users\aldri\OneDrive\Desktop\SelfDrivingCars\IMG\center_2020_07_05_20_49_16_129.jpg, C:\Users\aldri\OneDrive\Desktop\SelfDrivingCars\IMG\left_2020_07_05_20_49_16_129.jpg, C:\Users\aldri\OneDrive\Desktop\SelfDrivingCars\IMG\right_2020_07_05_20_49_16_129.jpg, 0, 0.4985613, 0, 0.7021569
C:\Users\aldri\OneDrive\Desktop\SelfDrivingCars\IMG\center_2020_07_05_20_49_16_236.jpg, C:\Users\aldri\OneDrive\Desktop\SelfDrivingCars\IMG\left_2020_07_05_20_49_16_236.jpg, C:\Users\aldri\OneDrive\Desktop\SelfDrivingCars\IMG\right_2020_07_05_20_49_16_236.jpg, 0, 0.7932034, 0, 1.334705
C:\Users\aldri\OneDrive\Desktop\SelfDrivingCars\IMG\center_2020_07_05_20_49_16_341.jpg, C:\Users\aldri\OneDrive\Desktop\SelfDrivingCars\IMG\left_2020_07_05_20_49_16_341.jpg, C:\Users\aldri\OneDrive\Desktop\SelfDrivingCars\IMG\right_2020_07_05_20_49_16_341.jpg, 0, 1, 0, 2.491161
C:\Users\aldri\OneDrive\Desktop\SelfDrivingCars\IMG\center_2020_07_05_20_49_16_443.jpg, C:\Users\aldri\OneDrive\Desktop\SelfDrivingCars\IMG\left_2020_07_05_20_49_16_443.jpg, C:\Users\aldri\OneDrive\Desktop\SelfDrivingCars\IMG\right_2020_07_05_20_49_16_443.jpg, 0, 1, 0, 3.449713
C:\Users\aldri\OneDrive\Desktop\SelfDrivingCars\IMG\center_2020_07_05_20_49_16_549.jpg, C:\Users\aldri\OneDrive\Desktop\SelfDrivingCars\IMG\left_2020_07_05_20_49_16_549.jpg, C:\Users\aldri\OneDrive\Desktop\SelfDrivingCars\IMG\right_2020_07_05_20_49_16_549.jpg, 0, 1, 0, 4.36458
C:\Users\aldri\OneDrive\Desktop\SelfDrivingCars\IMG\center_2020_07_05_20_49_16_653.jpg, C:\Users\aldri\OneDrive\Desktop\SelfDrivingCars\IMG\left_2020_07_05_20_49_16_653.jpg, C:\Users\aldri\OneDrive\Desktop\SelfDrivingCars\IMG\right_2020_07_05_20_49_16_653.jpg, 0, 1, 0, 5.236029
C:\Users\aldri\OneDrive\Desktop\SelfDrivingCars\IMG\center_2020_07_05_20_49_16_755.jpg, C:\Users\aldri\OneDrive\Desktop\SelfDrivingCars\IMG\left_2020_07_05_20_49_16_755.jpg, C:\Users\aldri\OneDrive\Desktop\SelfDrivingCars\IMG\right_2020_07_05_20_49_16_755.jpg, 0, 1, 0, 5.970527
C:\Users\aldri\OneDrive\Desktop\SelfDrivingCars\IMG\center_2020_07_05_20_49_16_864.jpg, C:\Users\aldri\OneDrive\Desktop\SelfDrivingCars\IMG\left_2020_07_05_20_49_16_864.jpg, C:\Users\aldri\OneDrive\Desktop\SelfDrivingCars\IMG\right_2020_07_05_20_49_16_864.jpg, 0, 1, 0, 6.965264
C:\Users\aldri\OneDrive\Desktop\SelfDrivingCars\IMG\center_2020_07_05_20_49_16_971.jpg, C:\Users\aldri\OneDrive\Desktop\SelfDrivingCars\IMG\left_2020_07_05_20_49_16_971.jpg, C:\Users\aldri\OneDrive\Desktop\SelfDrivingCars\IMG\right_2020_07_05_20_49_16_971.jpg, 0, 1, 0, 8.38945
C:\Users\aldri\OneDrive\Desktop\SelfDrivingCars\IMG\center_2020_07_05_20_49_17_074.jpg, C:\Users\aldri\OneDrive\Desktop\SelfDrivingCars\IMG\left_2020_07_05_20_49_17_074.jpg, C:\Users\aldri\OneDrive\Desktop\SelfDrivingCars\IMG\right_2020_07_05_20_49_17_074.jpg, 0, 1, 0, 9.798694
C:\Users\aldri\OneDrive\Desktop\SelfDrivingCars\IMG\center_2020_07_05_20_49_17_182.jpg, C:\Users\aldri\OneDrive\Desktop\SelfDrivingCars\IMG\left_2020_07_05_20_49_17_182.jpg, C:\Users\aldri\OneDrive\Desktop\SelfDrivingCars\IMG\right_2020_07_05_20_49_17_182.jpg, 0, 1, 0, 11.09941
C:\Users\aldri\OneDrive\Desktop\SelfDrivingCars\IMG\center_2020_07_05_20_49_17_290.jpg, C:\Users\aldri\OneDrive\Desktop\SelfDrivingCars\IMG\left_2020_07_05_20_49_17_290.jpg, C:\Users\aldri\OneDrive\Desktop\SelfDrivingCars\IMG\right_2020_07_05_20_49_17_290.jpg, 0, 1, 0, 11.83781
C:\Users\aldri\OneDrive\Desktop\SelfDrivingCars\IMG\center_2020_07_05_20_49_17_395.jpg, C:\Users\aldri\OneDrive\Desktop\SelfDrivingCars\IMG\left_2020_07_05_20_49_17_395.jpg, C:\Users\aldri\OneDrive\Desktop\SelfDrivingCars\IMG\right_2020_07_05_20_49_17_395.jpg, 0, 1, 0, 12.7617
C:\Users\aldri\OneDrive\Desktop\SelfDrivingCars\IMG\center_2020_07_05_20_49_17_502.jpg, C:\Users\aldri\OneDrive\Desktop\SelfDrivingCars\IMG\left_2020_07_05_20_49_17_502.jpg, C:\Users\aldri\OneDrive\Desktop\SelfDrivingCars\IMG\right_2020_07_05_20_49_17_502.jpg, 0, 1, 0, 13.97624
C:\Users\aldri\OneDrive\Desktop\SelfDrivingCars\IMG\center_2020_07_05_20_49_17_604.jpg, C:\Users\aldri\OneDrive\Desktop\SelfDrivingCars\IMG\left_2020_07_05_20_49_17_604.jpg, C:\Users\aldri\OneDrive\Desktop\SelfDrivingCars\IMG\right_2020_07_05_20_49_17_604.jpg, 0, 1, 0, 14.98178
C:\Users\aldri\OneDrive\Desktop\SelfDrivingCars\IMG\center_2020_07_05_20_49_17_715.jpg, C:\Users\aldri\OneDrive\Desktop\SelfDrivingCars\IMG\left_2020_07_05_20_49_17_715.jpg, C:\Users\aldri\OneDrive\Desktop\SelfDrivingCars\IMG\right_2020_07_05_20_49_17_715.jpg, 0, 1, 0, 15.29494
C:\Users\aldri\OneDrive\Desktop\SelfDrivingCars\IMG\center_2020_07_05_20_49_17_821.jpg, C:\Users\aldri\OneDrive\Desktop\SelfDrivingCars\IMG\left_2020_07_05_20_49_17_821.jpg, C:\Users\aldri\OneDrive\Desktop\SelfDrivingCars\IMG\right_2020_07_05_20_49_17_821.jpg, 0, 1, 0, 15.48589
C:\Users\aldri\OneDrive\Desktop\SelfDrivingCars\IMG\center_2020_07_05_20_49_17_922.jpg, C:\Users\aldri\OneDrive\Desktop\SelfDrivingCars\IMG\left_2020_07_05_20_49_17_922.jpg, C:\Users\aldri\OneDrive\Desktop\SelfDrivingCars\IMG\right_2020_07_05_20_49_17_922.jpg, 0, 1, 0, 17.0421
C:\Users\aldri\OneDrive\Desktop\SelfDrivingCars\IMG\center_2020_07_05_20_49_18_030.jpg, C:\Users\aldri\OneDrive\Desktop\SelfDrivingCars\IMG\left_2020_07_05_20_49_18_030.jpg, C:\Users\aldri\OneDrive\Desktop\SelfDrivingCars\IMG\right_2020_07_05_20_49_18_030.jpg, 0, 1, 0, 18.237
C:\Users\aldri\OneDrive\Desktop\SelfDrivingCars\IMG\center_2020_07_05_20_49_18_130.jpg, C:\Users\aldri\OneDrive\Desktop\SelfDrivingCars\IMG\left_2020_07_05_20_49_18_130.jpg, C:\Users\aldri\OneDrive\Desktop\SelfDrivingCars\IMG\right_2020_07_05_20_49_18_130.jpg, 0, 1, 0, 19.45128
C:\Users\aldri\OneDrive\Desktop\SelfDrivingCars\IMG\center_2020_07_05_20_49_18_240.jpg, C:\Users\aldri\OneDrive\Desktop\SelfDrivingCars\IMG\left_2020_07_05_20_49_18_240.jpg, C:\Users\aldri\OneDrive\Desktop\SelfDrivingCars\IMG\right_2020_07_05_20_49_18_240.jpg, 0, 1, 0, 20.76467
C:\Users\aldri\OneDrive\Desktop\SelfDrivingCars\IMG\center_2020_07_05_20_49_18_344.jpg, C:\Users\aldri\OneDrive\Desktop\SelfDrivingCars\IMG\left_2020_07_05_20_49_18_344.jpg, C:\Users\aldri\OneDrive\Desktop\SelfDrivingCars\IMG\right_2020_07_05_20_49_18_344.jpg, 0, 1, 0, 21.77966
C:\Users\aldri\OneDrive\Desktop\SelfDrivingCars\IMG\center_2020_07_05_20_49_18_446.jpg, C:\Users\aldri\OneDrive\Desktop\SelfDrivingCars\IMG\left_2020_07_05_20_49_18_446.jpg, C:\Users\aldri\OneDrive\Desktop\SelfDrivingCars\IMG\right_2020_07_05_20_49_18_446.jpg, 0, 1, 0, 22.80433
C:\Users\aldri\OneDrive\Desktop\SelfDrivingCars\IMG\center_2020_07_05_20_49_18_555.jpg, C:\Users\aldri\OneDrive\Desktop\SelfDrivingCars\IMG\left_2020_07_05_20_49_18_555.jpg, C:\Users\aldri\OneDrive\Desktop\SelfDrivingCars\IMG\right_2020_07_05_20_49_18_555.jpg, 0, 1, 0, 23.82075
C:\Users\aldri\OneDrive\Desktop\SelfDrivingCars\IMG\center_2020_07_05_20_49_18_660.jpg, C:\Users\aldri\OneDrive\Desktop\SelfDrivingCars\IMG\left_2020_07_05_20_49_18_660.jpg, C:\Users\aldri\OneDrive\Desktop\SelfDrivingCars\IMG\right_2020_07_05_20_49_18_660.jpg, 0, 1, 0, 25.0383
C:\Users\aldri\OneDrive\Desktop\SelfDrivingCars\IMG\center_2020_07_05_20_49_18_761.jpg, C:\Users\aldri\OneDrive\Desktop\SelfDrivingCars\IMG\left_2020_07_05_20_49_18_761.jpg, C:\Users\aldri\OneDrive\Desktop\SelfDrivingCars\IMG\right_2020_07_05_20_49_18_761.jpg, 0, 1, 0, 26.07039
C:\Users\aldri\OneDrive\Desktop\SelfDrivingCars\IMG\center_2020_07_05_20_49_18_863.jpg, C:\Users\aldri\OneDrive\Desktop\SelfDrivingCars\IMG\left_2020_07_05_20_49_18_863.jpg, C:\Users\aldri\OneDrive\Desktop\SelfDrivingCars\IMG\right_2020_07_05_20_49_18_863.jpg, 0, 1, 0, 27.19269
C:\Users\aldri\OneDrive\Desktop\SelfDrivingCars\IMG\center_2020_07_05_20_49_18_972.jpg, C:\Users\aldri\OneDrive\Desktop\SelfDrivingCars\IMG\left_2020_07_05_20_49_18_972.jpg, C:\Users\aldri\OneDrive\Desktop\SelfDrivingCars\IMG\right_2020_07_05_20_49_18_972.jpg, 0, 1, 0, 28.32046
C:\Users\aldri\OneDrive\Desktop\SelfDrivingCars\IMG\center_2020_07_05_20_49_19_077.jpg, C:\Users\aldri\OneDrive\Desktop\SelfDrivingCars\IMG\left_2020_07_05_20_49_19_077.jpg, C:\Users\aldri\OneDrive\Desktop\SelfDrivingCars\IMG\right_2020_07_05_20_49_19_077.jpg, 0, 1, 0, 29.19001
C:\Users\aldri\OneDrive\Desktop\SelfDrivingCars\IMG\center_2020_07_05_20_49_19_182.jpg, C:\Users\aldri\OneDrive\Desktop\SelfDrivingCars\IMG\left_2020_07_05_20_49_19_182.jpg, C:\Users\aldri\OneDrive\Desktop\SelfDrivingCars\IMG\right_2020_07_05_20_49_19_182.jpg, 0, 1, 0, 30.19074
C:\Users\aldri\OneDrive\Desktop\SelfDrivingCars\IMG\center_2020_07_05_20_49_19_290.jpg, C:\Users\aldri\OneDrive\Desktop\SelfDrivingCars\IMG\left_2020_07_05_20_49_19_290.jpg, C:\Users\aldri\OneDrive\Desktop\SelfDrivingCars\IMG\right_2020_07_05_20_49_19_290.jpg, 0, 1, 0, 30.19885
C:\Users\aldri\OneDrive\Desktop\SelfDrivingCars\IMG\center_2020_07_05_20_49_19_391.jpg, C:\Users\aldri\OneDrive\Desktop\SelfDrivingCars\IMG\left_2020_07_05_20_49_19_391.jpg, C:\Users\aldri\OneDrive\Desktop\SelfDrivingCars\IMG\right_2020_07_05_20_49_19_391.jpg, 0, 1, 0, 30.19885
C:\Users\aldri\OneDrive\Desktop\SelfDrivingCars\IMG\center_2020_07_05_20_49_19_493.jpg, C:\Users\aldri\OneDrive\Desktop\SelfDrivingCars\IMG\left_2020_07_05_20_49_19_493.jpg, C:\Users\aldri\OneDrive\Desktop\SelfDrivingCars\IMG\right_2020_07_05_20_49_19_493.jpg, 0, 1, 0, 30.19897
C:\Users\aldri\OneDrive\Desktop\SelfDrivingCars\IMG\center_2020_07_05_20_49_19_596.jpg, C:\Users\aldri\OneDrive\Desktop\SelfDrivingCars\IMG\left_2020_07_05_20_49_19_596.jpg, C:\Users\aldri\OneDrive\Desktop\SelfDrivingCars\IMG\right_2020_07_05_20_49_19_596.jpg, 0, 1, 0, 30.19933
C:\Users\aldri\OneDrive\Desktop\SelfDrivingCars\IMG\center_2020_07_05_20_49_19_705.jpg, C:\Users\aldri\OneDrive\Desktop\SelfDrivingCars\IMG\left_2020_07_05_20_49_19_705.jpg, C:\Users\aldri\OneDrive\Desktop\SelfDrivingCars\IMG\right_2020_07_05_20_49_19_705.jpg, 0, 1, 0, 30.20015
C:\Users\aldri\OneDrive\Desktop\SelfDrivingCars\IMG\center_2020_07_05_20_49_19_811.jpg, C:\Users\aldri\OneDrive\Desktop\SelfDrivingCars\IMG\left_2020_07_05_20_49_19_811.jpg, C:\Users\aldri\OneDrive\Desktop\SelfDrivingCars\IMG\right_2020_07_05_20_49_19_811.jpg, 0, 1, 0, 30.20133
C:\Users\aldri\OneDrive\Desktop\SelfDrivingCars\IMG\center_2020_07_05_20_49_19_918.jpg, C:\Users\aldri\OneDrive\Desktop\SelfDrivingCars\IMG\left_2020_07_05_20_49_19_918.jpg, C:\Users\aldri\OneDrive\Desktop\SelfDrivingCars\IMG\right_2020_07_05_20_49_19_918.jpg, 0, 1, 0, 30.17759
C:\Users\aldri\OneDrive\Desktop\SelfDrivingCars\IMG\center_2020_07_05_20_49_20_018.jpg, C:\Users\aldri\OneDrive\Desktop\SelfDrivingCars\IMG\left_2020_07_05_20_49_20_018.jpg, C:\Users\aldri\OneDrive\Desktop\SelfDrivingCars\IMG\right_2020_07_05_20_49_20_018.jpg, 0, 1, 0, 30.20655
C:\Users\aldri\OneDrive\Desktop\SelfDrivingCars\IMG\center_2020_07_05_20_49_20_123.jpg, C:\Users\aldri\OneDrive\Desktop\SelfDrivingCars\IMG\left_2020_07_05_20_49_20_123.jpg, C:\Users\aldri\OneDrive\Desktop\SelfDrivingCars\IMG\right_2020_07_05_20_49_20_123.jpg, 0, 1, 0, 30.19831
C:\Users\aldri\OneDrive\Desktop\SelfDrivingCars\IMG\center_2020_07_05_20_49_20_228.jpg, C:\Users\aldri\OneDrive\Desktop\SelfDrivingCars\IMG\left_2020_07_05_20_49_20_228.jpg, C:\Users\aldri\OneDrive\Desktop\SelfDrivingCars\IMG\right_2020_07_05_20_49_20_228.jpg, 0, 1, 0, 30.22787
C:\Users\aldri\OneDrive\Desktop\SelfDrivingCars\IMG\center_2020_07_05_20_49_20_331.jpg, C:\Users\aldri\OneDrive\Desktop\SelfDrivingCars\IMG\left_2020_07_05_20_49_20_331.jpg, C:\Users\aldri\OneDrive\Desktop\SelfDrivingCars\IMG\right_2020_07_05_20_49_20_331.jpg, 0, 1, 0, 30.26533
C:\Users\aldri\OneDrive\Desktop\SelfDrivingCars\IMG\center_2020_07_05_20_49_20_436.jpg, C:\Users\aldri\OneDrive\Desktop\SelfDrivingCars\IMG\left_2020_07_05_20_49_20_436.jpg, C:\Users\aldri\OneDrive\Desktop\SelfDrivingCars\IMG\right_2020_07_05_20_49_20_436.jpg, 0.2677428, 1, 0, 30.1717
C:\Users\aldri\OneDrive\Desktop\SelfDrivingCars\IMG\center_2020_07_05_20_49_20_539.jpg, C:\Users\aldri\OneDrive\Desktop\SelfDrivingCars\IMG\left_2020_07_05_20_49_20_539.jpg, C:\Users\aldri\OneDrive\Desktop\SelfDrivingCars\IMG\right_2020_07_05_20_49_20_539.jpg, 0.4806823, 1, 0, 30.15429
C:\Users\aldri\OneDrive\Desktop\SelfDrivingCars\IMG\center_2020_07_05_20_49_20_644.jpg, C:\Users\aldri\OneDrive\Desktop\SelfDrivingCars\IMG\left_2020_07_05_20_49_20_644.jpg, C:\Users\aldri\OneDrive\Desktop\SelfDrivingCars\IMG\right_2020_07_05_20_49_20_644.jpg, 0.1827904, 1, 0, 30.19315
C:\Users\aldri\OneDrive\Desktop\SelfDrivingCars\IMG\center_2020_07_05_20_49_20_746.jpg, C:\Users\aldri\OneDrive\Desktop\SelfDrivingCars\IMG\left_2020_07_05_20_49_20_746.jpg, C:\Users\aldri\OneDrive\Desktop\SelfDrivingCars\IMG\right_2020_07_05_20_49_20_746.jpg, 0, 1, 0, 30.18775
C:\Users\aldri\OneDrive\Desktop\SelfDrivingCars\IMG\center_2020_07_05_20_49_20_848.jpg, C:\Users\aldri\OneDrive\Desktop\SelfDrivingCars\IMG\left_2020_07_05_20_49_20_848.jpg, C:\Users\aldri\OneDrive\Desktop\SelfDrivingCars\IMG\right_2020_07_05_20_49_20_848.jpg, 0, 1, 0, 28.21929
C:\Users\aldri\OneDrive\Desktop\SelfDrivingCars\IMG\center_2020_07_05_20_49_20_948.jpg, C:\Users\aldri\OneDrive\Desktop\SelfDrivingCars\IMG\left_2020_07_05_20_49_20_948.jpg, C:\Users\aldri\OneDrive\Desktop\SelfDrivingCars\IMG\right_2020_07_05_20_49_20_948.jpg, 0, 1, 0, 27.29796
C:\Users\aldri\OneDrive\Desktop\SelfDrivingCars\IMG\center_2020_07_05_20_49_21_048.jpg, C:\Users\aldri\OneDrive\Desktop\SelfDrivingCars\IMG\left_2020_07_05_20_49_21_048.jpg, C:\Users\aldri\OneDrive\Desktop\SelfDrivingCars\IMG\right_2020_07_05_20_49_21_048.jpg, 0, 1, 0, 27.88751
C:\Users\aldri\OneDrive\Desktop\SelfDrivingCars\IMG\center_2020_07_05_20_49_21_150.jpg, C:\Users\aldri\OneDrive\Desktop\SelfDrivingCars\IMG\left_2020_07_05_20_49_21_150.jpg, C:\Users\aldri\OneDrive\Desktop\SelfDrivingCars\IMG\right_2020_07_05_20_49_21_150.jpg, 0, 1, 0, 28.27169
C:\Users\aldri\OneDrive\Desktop\SelfDrivingCars\IMG\center_2020_07_05_20_49_21_251.jpg, C:\Users\aldri\OneDrive\Desktop\SelfDrivingCars\IMG\left_2020_07_05_20_49_21_251.jpg, C:\Users\aldri\OneDrive\Desktop\SelfDrivingCars\IMG\right_2020_07_05_20_49_21_251.jpg, 0, 1, 0, 28.53938
C:\Users\aldri\OneDrive\Desktop\SelfDrivingCars\IMG\center_2020_07_05_20_49_21_352.jpg, C:\Users\aldri\OneDrive\Desktop\SelfDrivingCars\IMG\left_2020_07_05_20_49_21_352.jpg, C:\Users\aldri\OneDrive\Desktop\SelfDrivingCars\IMG\right_2020_07_05_20_49_21_352.jpg, 0, 1, 0, 29.40297
C:\Users\aldri\OneDrive\Desktop\SelfDrivingCars\IMG\center_2020_07_05_20_49_21_455.jpg, C:\Users\aldri\OneDrive\Desktop\SelfDrivingCars\IMG\left_2020_07_05_20_49_21_455.jpg, C:\Users\aldri\OneDrive\Desktop\SelfDrivingCars\IMG\right_2020_07_05_20_49_21_455.jpg, 0, 1, 0, 30.31909
C:\Users\aldri\OneDrive\Desktop\SelfDrivingCars\IMG\center_2020_07_05_20_49_21_559.jpg, C:\Users\aldri\OneDrive\Desktop\SelfDrivingCars\IMG\left_2020_07_05_20_49_21_559.jpg, C:\Users\aldri\OneDrive\Desktop\SelfDrivingCars\IMG\right_2020_07_05_20_49_21_559.jpg, 0, 1, 0, 30.04159
C:\Users\aldri\OneDrive\Desktop\SelfDrivingCars\IMG\center_2020_07_05_20_49_21_661.jpg, C:\Users\aldri\OneDrive\Desktop\SelfDrivingCars\IMG\left_2020_07_05_20_49_21_661.jpg, C:\Users\aldri\OneDrive\Desktop\SelfDrivingCars\IMG\right_2020_07_05_20_49_21_661.jpg, 0, 1, 0, 29.93474
C:\Users\aldri\OneDrive\Desktop\SelfDrivingCars\IMG\center_2020_07_05_20_49_21_763.jpg, C:\Users\aldri\OneDrive\Desktop\SelfDrivingCars\IMG\left_2020_07_05_20_49_21_763.jpg, C:\Users\aldri\OneDrive\Desktop\SelfDrivingCars\IMG\right_2020_07_05_20_49_21_763.jpg, 0, 1, 0, 27.06272
C:\Users\aldri\OneDrive\Desktop\SelfDrivingCars\IMG\center_2020_07_05_20_49_21_865.jpg, C:\Users\aldri\OneDrive\Desktop\SelfDrivingCars\IMG\left_2020_07_05_20_49_21_865.jpg, C:\Users\aldri\OneDrive\Desktop\SelfDrivingCars\IMG\right_2020_07_05_20_49_21_865.jpg, 0, 1, 0, 24.79982
C:\Users\aldri\OneDrive\Desktop\SelfDrivingCars\IMG\center_2020_07_05_20_49_21_969.jpg, C:\Users\aldri\OneDrive\Desktop\SelfDrivingCars\IMG\left_2020_07_05_20_49_21_969.jpg, C:\Users\aldri\OneDrive\Desktop\SelfDrivingCars\IMG\right_2020_07_05_20_49_21_969.jpg, 0, 1, 0, 22.4595
C:\Users\aldri\OneDrive\Desktop\SelfDrivingCars\IMG\center_2020_07_05_20_49_22_071.jpg, C:\Users\aldri\OneDrive\Desktop\SelfDrivingCars\IMG\left_2020_07_05_20_49_22_071.jpg, C:\Users\aldri\OneDrive\Desktop\SelfDrivingCars\IMG\right_2020_07_05_20_49_22_071.jpg, 0, 1, 0, 19.71654
C:\Users\aldri\OneDrive\Desktop\SelfDrivingCars\IMG\center_2020_07_05_20_49_22_171.jpg, C:\Users\aldri\OneDrive\Desktop\SelfDrivingCars\IMG\left_2020_07_05_20_49_22_171.jpg, C:\Users\aldri\OneDrive\Desktop\SelfDrivingCars\IMG\right_2020_07_05_20_49_22_171.jpg, 0, 1, 0, 16.99632
C:\Users\aldri\OneDrive\Desktop\SelfDrivingCars\IMG\center_2020_07_05_20_49_22_274.jpg, C:\Users\aldri\OneDrive\Desktop\SelfDrivingCars\IMG\left_2020_07_05_20_49_22_274.jpg, C:\Users\aldri\OneDrive\Desktop\SelfDrivingCars\IMG\right_2020_07_05_20_49_22_274.jpg, 0, 1, 0, 15.28087
C:\Users\aldri\OneDrive\Desktop\SelfDrivingCars\IMG\center_2020_07_05_20_49_22_375.jpg, C:\Users\aldri\OneDrive\Desktop\SelfDrivingCars\IMG\left_2020_07_05_20_49_22_375.jpg, C:\Users\aldri\OneDrive\Desktop\SelfDrivingCars\IMG\right_2020_07_05_20_49_22_375.jpg, 0, 1, 0, 13.39501
C:\Users\aldri\OneDrive\Desktop\SelfDrivingCars\IMG\center_2020_07_05_20_49_22_477.jpg, C:\Users\aldri\OneDrive\Desktop\SelfDrivingCars\IMG\left_2020_07_05_20_49_22_477.jpg, C:\Users\aldri\OneDrive\Desktop\SelfDrivingCars\IMG\right_2020_07_05_20_49_22_477.jpg, 0, 1, 0, 11.5454
C:\Users\aldri\OneDrive\Desktop\SelfDrivingCars\IMG\center_2020_07_05_20_49_22_582.jpg, C:\Users\aldri\OneDrive\Desktop\SelfDrivingCars\IMG\left_2020_07_05_20_49_22_582.jpg, C:\Users\aldri\OneDrive\Desktop\SelfDrivingCars\IMG\right_2020_07_05_20_49_22_582.jpg, 0, 1, 0, 10.41061
C:\Users\aldri\OneDrive\Desktop\SelfDrivingCars\IMG\center_2020_07_05_20_49_22_685.jpg, C:\Users\aldri\OneDrive\Desktop\SelfDrivingCars\IMG\left_2020_07_05_20_49_22_685.jpg, C:\Users\aldri\OneDrive\Desktop\SelfDrivingCars\IMG\right_2020_07_05_20_49_22_685.jpg, 0, 1, 0, 10.75368
C:\Users\aldri\OneDrive\Desktop\SelfDrivingCars\IMG\center_2020_07_05_20_49_22_786.jpg, C:\Users\aldri\OneDrive\Desktop\SelfDrivingCars\IMG\left_2020_07_05_20_49_22_786.jpg, C:\Users\aldri\OneDrive\Desktop\SelfDrivingCars\IMG\right_2020_07_05_20_49_22_786.jpg, 0.087855, 1, 0, 11.53541
C:\Users\aldri\OneDrive\Desktop\SelfDrivingCars\IMG\center_2020_07_05_20_49_22_890.jpg, C:\Users\aldri\OneDrive\Desktop\SelfDrivingCars\IMG\left_2020_07_05_20_49_22_890.jpg, C:\Users\aldri\OneDrive\Desktop\SelfDrivingCars\IMG\right_2020_07_05_20_49_22_890.jpg, 0.3859003, 1, 0, 12.15385
C:\Users\aldri\OneDrive\Desktop\SelfDrivingCars\IMG\center_2020_07_05_20_49_22_992.jpg, C:\Users\aldri\OneDrive\Desktop\SelfDrivingCars\IMG\left_2020_07_05_20_49_22_992.jpg, C:\Users\aldri\OneDrive\Desktop\SelfDrivingCars\IMG\right_2020_07_05_20_49_22_992.jpg, 0.6893293, 1, 0, 12.8418
C:\Users\aldri\OneDrive\Desktop\SelfDrivingCars\IMG\center_2020_07_05_20_49_23_092.jpg, C:\Users\aldri\OneDrive\Desktop\SelfDrivingCars\IMG\left_2020_07_05_20_49_23_092.jpg, C:\Users\aldri\OneDrive\Desktop\SelfDrivingCars\IMG\right_2020_07_05_20_49_23_092.jpg, 0.9833901, 1, 0, 12.81342
C:\Users\aldri\OneDrive\Desktop\SelfDrivingCars\IMG\center_2020_07_05_20_49_23_194.jpg, C:\Users\aldri\OneDrive\Desktop\SelfDrivingCars\IMG\left_2020_07_05_20_49_23_194.jpg, C:\Users\aldri\OneDrive\Desktop\SelfDrivingCars\IMG\right_2020_07_05_20_49_23_194.jpg, 1, 1, 0, 13.06384
C:\Users\aldri\OneDrive\Desktop\SelfDrivingCars\IMG\center_2020_07_05_20_49_23_296.jpg, C:\Users\aldri\OneDrive\Desktop\SelfDrivingCars\IMG\left_2020_07_05_20_49_23_296.jpg, C:\Users\aldri\OneDrive\Desktop\SelfDrivingCars\IMG\right_2020_07_05_20_49_23_296.jpg, 0.8120572, 1, 0, 13.71803
C:\Users\aldri\OneDrive\Desktop\SelfDrivingCars\IMG\center_2020_07_05_20_49_23_403.jpg, C:\Users\aldri\OneDrive\Desktop\SelfDrivingCars\IMG\left_2020_07_05_20_49_23_403.jpg, C:\Users\aldri\OneDrive\Desktop\SelfDrivingCars\IMG\right_2020_07_05_20_49_23_403.jpg, -0.1829385, 1, 0, 13.65478
C:\Users\aldri\OneDrive\Desktop\SelfDrivingCars\IMG\center_2020_07_05_20_49_23_506.jpg, C:\Users\aldri\OneDrive\Desktop\SelfDrivingCars\IMG\left_2020_07_05_20_49_23_506.jpg, C:\Users\aldri\OneDrive\Desktop\SelfDrivingCars\IMG\right_2020_07_05_20_49_23_506.jpg, -0.4964595, 1, 0, 13.84265
C:\Users\aldri\OneDrive\Desktop\SelfDrivingCars\IMG\center_2020_07_05_20_49_23_608.jpg, C:\Users\aldri\OneDrive\Desktop\SelfDrivingCars\IMG\left_2020_07_05_20_49_23_608.jpg, C:\Users\aldri\OneDrive\Desktop\SelfDrivingCars\IMG\right_2020_07_05_20_49_23_608.jpg, -0.7763999, 1, 0, 14.43404
C:\Users\aldri\OneDrive\Desktop\SelfDrivingCars\IMG\center_2020_07_05_20_49_23_710.jpg, C:\Users\aldri\OneDrive\Desktop\SelfDrivingCars\IMG\left_2020_07_05_20_49_23_710.jpg, C:\Users\aldri\OneDrive\Desktop\SelfDrivingCars\IMG\right_2020_07_05_20_49_23_710.jpg, -1, 1, 0, 14.93322
C:\Users\aldri\OneDrive\Desktop\SelfDrivingCars\IMG\center_2020_07_05_20_49_23_813.jpg, C:\Users\aldri\OneDrive\Desktop\SelfDrivingCars\IMG\left_2020_07_05_20_49_23_813.jpg, C:\Users\aldri\OneDrive\Desktop\SelfDrivingCars\IMG\right_2020_07_05_20_49_23_813.jpg, -1, 1, 0, 14.99726
C:\Users\aldri\OneDrive\Desktop\SelfDrivingCars\IMG\center_2020_07_05_20_49_23_916.jpg, C:\Users\aldri\OneDrive\Desktop\SelfDrivingCars\IMG\left_2020_07_05_20_49_23_916.jpg, C:\Users\aldri\OneDrive\Desktop\SelfDrivingCars\IMG\right_2020_07_05_20_49_23_916.jpg, -0.929074, 1, 0, 15.60096
C:\Users\aldri\OneDrive\Desktop\SelfDrivingCars\IMG\center_2020_07_05_20_49_24_019.jpg, C:\Users\aldri\OneDrive\Desktop\SelfDrivingCars\IMG\left_2020_07_05_20_49_24_019.jpg, C:\Users\aldri\OneDrive\Desktop\SelfDrivingCars\IMG\right_2020_07_05_20_49_24_019.jpg, -0.575306, 1, 0, 16.15943
C:\Users\aldri\OneDrive\Desktop\SelfDrivingCars\IMG\center_2020_07_05_20_49_24_127.jpg, C:\Users\aldri\OneDrive\Desktop\SelfDrivingCars\IMG\left_2020_07_05_20_49_24_127.jpg, C:\Users\aldri\OneDrive\Desktop\SelfDrivingCars\IMG\right_2020_07_05_20_49_24_127.jpg, -0.2531378, 1, 0, 16.48361
C:\Users\aldri\OneDrive\Desktop\SelfDrivingCars\IMG\center_2020_07_05_20_49_24_228.jpg, C:\Users\aldri\OneDrive\Desktop\SelfDrivingCars\IMG\left_2020_07_05_20_49_24_228.jpg, C:\Users\aldri\OneDrive\Desktop\SelfDrivingCars\IMG\right_2020_07_05_20_49_24_228.jpg, 0, 1, 0, 16.94158
C:\Users\aldri\OneDrive\Desktop\SelfDrivingCars\IMG\center_2020_07_05_20_49_24_329.jpg, C:\Users\aldri\OneDrive\Desktop\SelfDrivingCars\IMG\left_2020_07_05_20_49_24_329.jpg, C:\Users\aldri\OneDrive\Desktop\SelfDrivingCars\IMG\right_2020_07_05_20_49_24_329.jpg, 0, 1, 0, 17.23913
C:\Users\aldri\OneDrive\Desktop\SelfDrivingCars\IMG\center_2020_07_05_20_49_24_433.jpg, C:\Users\aldri\OneDrive\Desktop\SelfDrivingCars\IMG\left_2020_07_05_20_49_24_433.jpg, C:\Users\aldri\OneDrive\Desktop\SelfDrivingCars\IMG\right_2020_07_05_20_49_24_433.jpg, 0, 1, 0, 17.99499
C:\Users\aldri\OneDrive\Desktop\SelfDrivingCars\IMG\center_2020_07_05_20_49_24_541.jpg, C:\Users\aldri\OneDrive\Desktop\SelfDrivingCars\IMG\left_2020_07_05_20_49_24_541.jpg, C:\Users\aldri\OneDrive\Desktop\SelfDrivingCars\IMG\right_2020_07_05_20_49_24_541.jpg, 0, 1, 0, 18.82615
C:\Users\aldri\OneDrive\Desktop\SelfDrivingCars\IMG\center_2020_07_05_20_49_24_640.jpg, C:\Users\aldri\OneDrive\Desktop\SelfDrivingCars\IMG\left_2020_07_05_20_49_24_640.jpg, C:\Users\aldri\OneDrive\Desktop\SelfDrivingCars\IMG\right_2020_07_05_20_49_24_640.jpg, -0.3002196, 1, 0, 19.41869
C:\Users\aldri\OneDrive\Desktop\SelfDrivingCars\IMG\center_2020_07_05_20_49_24_745.jpg, C:\Users\aldri\OneDrive\Desktop\SelfDrivingCars\IMG\left_2020_07_05_20_49_24_745.jpg, C:\Users\aldri\OneDrive\Desktop\SelfDrivingCars\IMG\right_2020_07_05_20_49_24_745.jpg, -0.614979, 1, 0, 20.30828
C:\Users\aldri\OneDrive\Desktop\SelfDrivingCars\IMG\center_2020_07_05_20_49_24_853.jpg, C:\Users\aldri\OneDrive\Desktop\SelfDrivingCars\IMG\left_2020_07_05_20_49_24_853.jpg, C:\Users\aldri\OneDrive\Desktop\SelfDrivingCars\IMG\right_2020_07_05_20_49_24_853.jpg, -0.3172134, 1, 0, 21.20395
C:\Users\aldri\OneDrive\Desktop\SelfDrivingCars\IMG\center_2020_07_05_20_49_24_954.jpg, C:\Users\aldri\OneDrive\Desktop\SelfDrivingCars\IMG\left_2020_07_05_20_49_24_954.jpg, C:\Users\aldri\OneDrive\Desktop\SelfDrivingCars\IMG\right_2020_07_05_20_49_24_954.jpg, -0.01317625, 1, 0, 22.25696
C:\Users\aldri\OneDrive\Desktop\SelfDrivingCars\IMG\center_2020_07_05_20_49_25_060.jpg, C:\Users\aldri\OneDrive\Desktop\SelfDrivingCars\IMG\left_2020_07_05_20_49_25_060.jpg, C:\Users\aldri\OneDrive\Desktop\SelfDrivingCars\IMG\right_2020_07_05_20_49_25_060.jpg, 0, 1, 0, 23.41034
C:\Users\aldri\OneDrive\Desktop\SelfDrivingCars\IMG\center_2020_07_05_20_49_25_168.jpg, C:\Users\aldri\OneDrive\Desktop\SelfDrivingCars\IMG\left_2020_07_05_20_49_25_168.jpg, C:\Users\aldri\OneDrive\Desktop\SelfDrivingCars\IMG\right_2020_07_05_20_49_25_168.jpg, 0, 1, 0, 24.37044
C:\Users\aldri\OneDrive\Desktop\SelfDrivingCars\IMG\center_2020_07_05_20_49_25_274.jpg, C:\Users\aldri\OneDrive\Desktop\SelfDrivingCars\IMG\left_2020_07_05_20_49_25_274.jpg, C:\Users\aldri\OneDrive\Desktop\SelfDrivingCars\IMG\right_2020_07_05_20_49_25_274.jpg, 0, 1, 0, 25.33658
C:\Users\aldri\OneDrive\Desktop\SelfDrivingCars\IMG\center_2020_07_05_20_49_25_376.jpg, C:\Users\aldri\OneDrive\Desktop\SelfDrivingCars\IMG\left_2020_07_05_20_49_25_376.jpg, C:\Users\aldri\OneDrive\Desktop\SelfDrivingCars\IMG\right_2020_07_05_20_49_25_376.jpg, 0, 1, 0, 26.29042
C:\Users\aldri\OneDrive\Desktop\SelfDrivingCars\IMG\center_2020_07_05_20_49_25_478.jpg, C:\Users\aldri\OneDrive\Desktop\SelfDrivingCars\IMG\left_2020_07_05_20_49_25_478.jpg, C:\Users\aldri\OneDrive\Desktop\SelfDrivingCars\IMG\right_2020_07_05_20_49_25_478.jpg, -0.1565403, 1, 0, 27.22491
C:\Users\aldri\OneDrive\Desktop\SelfDrivingCars\IMG\center_2020_07_05_20_49_25_579.jpg, C:\Users\aldri\OneDrive\Desktop\SelfDrivingCars\IMG\left_2020_07_05_20_49_25_579.jpg, C:\Users\aldri\OneDrive\Desktop\SelfDrivingCars\IMG\right_2020_07_05_20_49_25_579.jpg, -0.5124669, 1, 0, 28.15754
C:\Users\aldri\OneDrive\Desktop\SelfDrivingCars\IMG\center_2020_07_05_20_49_25_681.jpg, C:\Users\aldri\OneDrive\Desktop\SelfDrivingCars\IMG\left_2020_07_05_20_49_25_681.jpg, C:\Users\aldri\OneDrive\Desktop\SelfDrivingCars\IMG\right_2020_07_05_20_49_25_681.jpg, -0.2097258, 1, 0, 29.04028
C:\Users\aldri\OneDrive\Desktop\SelfDrivingCars\IMG\center_2020_07_05_20_49_25_783.jpg, C:\Users\aldri\OneDrive\Desktop\SelfDrivingCars\IMG\left_2020_07_05_20_49_25_783.jpg, C:\Users\aldri\OneDrive\Desktop\SelfDrivingCars\IMG\right_2020_07_05_20_49_25_783.jpg, 0, 1, 0, 29.94806
C:\Users\aldri\OneDrive\Desktop\SelfDrivingCars\IMG\center_2020_07_05_20_49_25_887.jpg, C:\Users\aldri\OneDrive\Desktop\SelfDrivingCars\IMG\left_2020_07_05_20_49_25_887.jpg, C:\Users\aldri\OneDrive\Desktop\SelfDrivingCars\IMG\right_2020_07_05_20_49_25_887.jpg, 0, 1, 0, 30.18993
C:\Users\aldri\OneDrive\Desktop\SelfDrivingCars\IMG\center_2020_07_05_20_49_25_989.jpg, C:\Users\aldri\OneDrive\Desktop\SelfDrivingCars\IMG\left_2020_07_05_20_49_25_989.jpg, C:\Users\aldri\OneDrive\Desktop\SelfDrivingCars\IMG\right_2020_07_05_20_49_25_989.jpg, 0, 1, 0, 30.18901
C:\Users\aldri\OneDrive\Desktop\SelfDrivingCars\IMG\center_2020_07_05_20_49_26_090.jpg, C:\Users\aldri\OneDrive\Desktop\SelfDrivingCars\IMG\left_2020_07_05_20_49_26_090.jpg, C:\Users\aldri\OneDrive\Desktop\SelfDrivingCars\IMG\right_2020_07_05_20_49_26_090.jpg, -0.1109685, 1, 0, 30.18796
C:\Users\aldri\OneDrive\Desktop\SelfDrivingCars\IMG\center_2020_07_05_20_49_26_191.jpg, C:\Users\aldri\OneDrive\Desktop\SelfDrivingCars\IMG\left_2020_07_05_20_49_26_191.jpg, C:\Users\aldri\OneDrive\Desktop\SelfDrivingCars\IMG\right_2020_07_05_20_49_26_191.jpg, -0.4138812, 1, 0, 30.1534
C:\Users\aldri\OneDrive\Desktop\SelfDrivingCars\IMG\center_2020_07_05_20_49_26_292.jpg, C:\Users\aldri\OneDrive\Desktop\SelfDrivingCars\IMG\left_2020_07_05_20_49_26_292.jpg, C:\Users\aldri\OneDrive\Desktop\SelfDrivingCars\IMG\right_2020_07_05_20_49_26_292.jpg, -0.4248778, 1, 0, 30.17554
C:\Users\aldri\OneDrive\Desktop\SelfDrivingCars\IMG\center_2020_07_05_20_49_26_394.jpg, C:\Users\aldri\OneDrive\Desktop\SelfDrivingCars\IMG\left_2020_07_05_20_49_26_394.jpg, C:\Users\aldri\OneDrive\Desktop\SelfDrivingCars\IMG\right_2020_07_05_20_49_26_394.jpg, -0.1281496, 1, 0, 30.193
C:\Users\aldri\OneDrive\Desktop\SelfDrivingCars\IMG\center_2020_07_05_20_49_26_496.jpg, C:\Users\aldri\OneDrive\Desktop\SelfDrivingCars\IMG\left_2020_07_05_20_49_26_496.jpg, C:\Users\aldri\OneDrive\Desktop\SelfDrivingCars\IMG\right_2020_07_05_20_49_26_496.jpg, -0.1659498, 1, 0, 30.19086
C:\Users\aldri\OneDrive\Desktop\SelfDrivingCars\IMG\center_2020_07_05_20_49_26_598.jpg, C:\Users\aldri\OneDrive\Desktop\SelfDrivingCars\IMG\left_2020_07_05_20_49_26_598.jpg, C:\Users\aldri\OneDrive\Desktop\SelfDrivingCars\IMG\right_2020_07_05_20_49_26_598.jpg, -0.4684206, 1, 0, 30.15537
C:\Users\aldri\OneDrive\Desktop\SelfDrivingCars\IMG\center_2020_07_05_20_49_26_699.jpg, C:\Users\aldri\OneDrive\Desktop\SelfDrivingCars\IMG\left_2020_07_05_20_49_26_699.jpg, C:\Users\aldri\OneDrive\Desktop\SelfDrivingCars\IMG\right_2020_07_05_20_49_26_699.jpg, -0.8195006, 1, 0, 30.10651
C:\Users\aldri\OneDrive\Desktop\SelfDrivingCars\IMG\center_2020_07_05_20_49_26_799.jpg, C:\Users\aldri\OneDrive\Desktop\SelfDrivingCars\IMG\left_2020_07_05_20_49_26_799.jpg, C:\Users\aldri\OneDrive\Desktop\SelfDrivingCars\IMG\right_2020_07_05_20_49_26_799.jpg, -0.518274, 1, 0, 30.18901
C:\Users\aldri\OneDrive\Desktop\SelfDrivingCars\IMG\center_2020_07_05_20_49_26_902.jpg, C:\Users\aldri\OneDrive\Desktop\SelfDrivingCars\IMG\left_2020_07_05_20_49_26_902.jpg, C:\Users\aldri\OneDrive\Desktop\SelfDrivingCars\IMG\right_2020_07_05_20_49_26_902.jpg, -0.2125365, 1, 0, 30.1987
C:\Users\aldri\OneDrive\Desktop\SelfDrivingCars\IMG\center_2020_07_05_20_49_27_003.jpg, C:\Users\aldri\OneDrive\Desktop\SelfDrivingCars\IMG\left_2020_07_05_20_49_27_003.jpg, C:\Users\aldri\OneDrive\Desktop\SelfDrivingCars\IMG\right_2020_07_05_20_49_27_003.jpg, 0, 1, 0, 30.18431
C:\Users\aldri\OneDrive\Desktop\SelfDrivingCars\IMG\center_2020_07_05_20_49_27_104.jpg, C:\Users\aldri\OneDrive\Desktop\SelfDrivingCars\IMG\left_2020_07_05_20_49_27_104.jpg, C:\Users\aldri\OneDrive\Desktop\SelfDrivingCars\IMG\right_2020_07_05_20_49_27_104.jpg, 0, 1, 0, 30.1902
C:\Users\aldri\OneDrive\Desktop\SelfDrivingCars\IMG\center_2020_07_05_20_49_27_207.jpg, C:\Users\aldri\OneDrive\Desktop\SelfDrivingCars\IMG\left_2020_07_05_20_49_27_207.jpg, C:\Users\aldri\OneDrive\Desktop\SelfDrivingCars\IMG\right_2020_07_05_20_49_27_207.jpg, -0.0296685, 1, 0, 30.19291
C:\Users\aldri\OneDrive\Desktop\SelfDrivingCars\IMG\center_2020_07_05_20_49_27_309.jpg, C:\Users\aldri\OneDrive\Desktop\SelfDrivingCars\IMG\left_2020_07_05_20_49_27_309.jpg, C:\Users\aldri\OneDrive\Desktop\SelfDrivingCars\IMG\right_2020_07_05_20_49_27_309.jpg, -0.3264597, 1, 0, 30.16696
C:\Users\aldri\OneDrive\Desktop\SelfDrivingCars\IMG\center_2020_07_05_20_49_27_412.jpg, C:\Users\aldri\OneDrive\Desktop\SelfDrivingCars\IMG\left_2020_07_05_20_49_27_412.jpg, C:\Users\aldri\OneDrive\Desktop\SelfDrivingCars\IMG\right_2020_07_05_20_49_27_412.jpg, -0.621213, 1, 0, 30.123
C:\Users\aldri\OneDrive\Desktop\SelfDrivingCars\IMG\center_2020_07_05_20_49_27_515.jpg, C:\Users\aldri\OneDrive\Desktop\SelfDrivingCars\IMG\left_2020_07_05_20_49_27_515.jpg, C:\Users\aldri\OneDrive\Desktop\SelfDrivingCars\IMG\right_2020_07_05_20_49_27_515.jpg, -0.6268338, 1, 0, 30.15772
C:\Users\aldri\OneDrive\Desktop\SelfDrivingCars\IMG\center_2020_07_05_20_49_27_616.jpg, C:\Users\aldri\OneDrive\Desktop\SelfDrivingCars\IMG\left_2020_07_05_20_49_27_616.jpg, C:\Users\aldri\OneDrive\Desktop\SelfDrivingCars\IMG\right_2020_07_05_20_49_27_616.jpg, -0.3258354, 1, 0, 30.19857
C:\Users\aldri\OneDrive\Desktop\SelfDrivingCars\IMG\center_2020_07_05_20_49_27_720.jpg, C:\Users\aldri\OneDrive\Desktop\SelfDrivingCars\IMG\left_2020_07_05_20_49_27_720.jpg, C:\Users\aldri\OneDrive\Desktop\SelfDrivingCars\IMG\right_2020_07_05_20_49_27_720.jpg, 0, 1, 0, 30.18445
C:\Users\aldri\OneDrive\Desktop\SelfDrivingCars\IMG\center_2020_07_05_20_49_27_821.jpg, C:\Users\aldri\OneDrive\Desktop\SelfDrivingCars\IMG\left_2020_07_05_20_49_27_821.jpg, C:\Users\aldri\OneDrive\Desktop\SelfDrivingCars\IMG\right_2020_07_05_20_49_27_821.jpg, 0, 1, 0, 30.18755
C:\Users\aldri\OneDrive\Desktop\SelfDrivingCars\IMG\center_2020_07_05_20_49_27_922.jpg, C:\Users\aldri\OneDrive\Desktop\SelfDrivingCars\IMG\left_2020_07_05_20_49_27_922.jpg, C:\Users\aldri\OneDrive\Desktop\SelfDrivingCars\IMG\right_2020_07_05_20_49_27_922.jpg, 0, 1, 0, 30.19017
C:\Users\aldri\OneDrive\Desktop\SelfDrivingCars\IMG\center_2020_07_05_20_49_28_023.jpg, C:\Users\aldri\OneDrive\Desktop\SelfDrivingCars\IMG\left_2020_07_05_20_49_28_023.jpg, C:\Users\aldri\OneDrive\Desktop\SelfDrivingCars\IMG\right_2020_07_05_20_49_28_023.jpg, 0, 1, 0, 30.18983
C:\Users\aldri\OneDrive\Desktop\SelfDrivingCars\IMG\center_2020_07_05_20_49_28_124.jpg, C:\Users\aldri\OneDrive\Desktop\SelfDrivingCars\IMG\left_2020_07_05_20_49_28_124.jpg, C:\Users\aldri\OneDrive\Desktop\SelfDrivingCars\IMG\right_2020_07_05_20_49_28_124.jpg, 0, 1, 0, 30.1904
C:\Users\aldri\OneDrive\Desktop\SelfDrivingCars\IMG\center_2020_07_05_20_49_28_228.jpg, C:\Users\aldri\OneDrive\Desktop\SelfDrivingCars\IMG\left_2020_07_05_20_49_28_228.jpg, C:\Users\aldri\OneDrive\Desktop\SelfDrivingCars\IMG\right_2020_07_05_20_49_28_228.jpg, -0.0330993, 1, 0, 30.18954
C:\Users\aldri\OneDrive\Desktop\SelfDrivingCars\IMG\center_2020_07_05_20_49_28_331.jpg, C:\Users\aldri\OneDrive\Desktop\SelfDrivingCars\IMG\left_2020_07_05_20_49_28_331.jpg, C:\Users\aldri\OneDrive\Desktop\SelfDrivingCars\IMG\right_2020_07_05_20_49_28_331.jpg, -0.329311, 1, 0, 30.16438
C:\Users\aldri\OneDrive\Desktop\SelfDrivingCars\IMG\center_2020_07_05_20_49_28_434.jpg, C:\Users\aldri\OneDrive\Desktop\SelfDrivingCars\IMG\left_2020_07_05_20_49_28_434.jpg, C:\Users\aldri\OneDrive\Desktop\SelfDrivingCars\IMG\right_2020_07_05_20_49_28_434.jpg, -0.05751006, 1, 0, 30.19092
C:\Users\aldri\OneDrive\Desktop\SelfDrivingCars\IMG\center_2020_07_05_20_49_28_535.jpg, C:\Users\aldri\OneDrive\Desktop\SelfDrivingCars\IMG\left_2020_07_05_20_49_28_535.jpg, C:\Users\aldri\OneDrive\Desktop\SelfDrivingCars\IMG\right_2020_07_05_20_49_28_535.jpg, 0, 1, 0, 30.18921
C:\Users\aldri\OneDrive\Desktop\SelfDrivingCars\IMG\center_2020_07_05_20_49_28_639.jpg, C:\Users\aldri\OneDrive\Desktop\SelfDrivingCars\IMG\left_2020_07_05_20_49_28_639.jpg, C:\Users\aldri\OneDrive\Desktop\SelfDrivingCars\IMG\right_2020_07_05_20_49_28_639.jpg, 0, 1, 0, 30.19033
C:\Users\aldri\OneDrive\Desktop\SelfDrivingCars\IMG\center_2020_07_05_20_49_28_743.jpg, C:\Users\aldri\OneDrive\Desktop\SelfDrivingCars\IMG\left_2020_07_05_20_49_28_743.jpg, C:\Users\aldri\OneDrive\Desktop\SelfDrivingCars\IMG\right_2020_07_05_20_49_28_743.jpg, 0, 1, 0, 30.19
C:\Users\aldri\OneDrive\Desktop\SelfDrivingCars\IMG\center_2020_07_05_20_49_28_843.jpg, C:\Users\aldri\OneDrive\Desktop\SelfDrivingCars\IMG\left_2020_07_05_20_49_28_843.jpg, C:\Users\aldri\OneDrive\Desktop\SelfDrivingCars\IMG\right_2020_07_05_20_49_28_843.jpg, -0.0320619, 1, 0, 30.19027
C:\Users\aldri\OneDrive\Desktop\SelfDrivingCars\IMG\center_2020_07_05_20_49_28_946.jpg, C:\Users\aldri\OneDrive\Desktop\SelfDrivingCars\IMG\left_2020_07_05_20_49_28_946.jpg, C:\Users\aldri\OneDrive\Desktop\SelfDrivingCars\IMG\right_2020_07_05_20_49_28_946.jpg, -0.327678, 1, 0, 30.16377
C:\Users\aldri\OneDrive\Desktop\SelfDrivingCars\IMG\center_2020_07_05_20_49_29_050.jpg, C:\Users\aldri\OneDrive\Desktop\SelfDrivingCars\IMG\left_2020_07_05_20_49_29_050.jpg, C:\Users\aldri\OneDrive\Desktop\SelfDrivingCars\IMG\right_2020_07_05_20_49_29_050.jpg, -0.3128901, 1, 0, 30.18201
C:\Users\aldri\OneDrive\Desktop\SelfDrivingCars\IMG\center_2020_07_05_20_49_29_153.jpg, C:\Users\aldri\OneDrive\Desktop\SelfDrivingCars\IMG\left_2020_07_05_20_49_29_153.jpg, C:\Users\aldri\OneDrive\Desktop\SelfDrivingCars\IMG\right_2020_07_05_20_49_29_153.jpg, -0.01069289, 1, 0, 30.18797
C:\Users\aldri\OneDrive\Desktop\SelfDrivingCars\IMG\center_2020_07_05_20_49_29_255.jpg, C:\Users\aldri\OneDrive\Desktop\SelfDrivingCars\IMG\left_2020_07_05_20_49_29_255.jpg, C:\Users\aldri\OneDrive\Desktop\SelfDrivingCars\IMG\right_2020_07_05_20_49_29_255.jpg, 0, 1, 0, 30.18932
C:\Users\aldri\OneDrive\Desktop\SelfDrivingCars\IMG\center_2020_07_05_20_49_29_359.jpg, C:\Users\aldri\OneDrive\Desktop\SelfDrivingCars\IMG\left_2020_07_05_20_49_29_359.jpg, C:\Users\aldri\OneDrive\Desktop\SelfDrivingCars\IMG\right_2020_07_05_20_49_29_359.jpg, 0, 1, 0, 30.19011
C:\Users\aldri\OneDrive\Desktop\SelfDrivingCars\IMG\center_2020_07_05_20_49_29_460.jpg, C:\Users\aldri\OneDrive\Desktop\SelfDrivingCars\IMG\left_2020_07_05_20_49_29_460.jpg, C:\Users\aldri\OneDrive\Desktop\SelfDrivingCars\IMG\right_2020_07_05_20_49_29_460.jpg, 0, 0.8203263, 0, 30.15729
C:\Users\aldri\OneDrive\Desktop\SelfDrivingCars\IMG\center_2020_07_05_20_49_29_564.jpg, C:\Users\aldri\OneDrive\Desktop\SelfDrivingCars\IMG\left_2020_07_05_20_49_29_564.jpg, C:\Users\aldri\OneDrive\Desktop\SelfDrivingCars\IMG\right_2020_07_05_20_49_29_564.jpg, 0, 0.5220098, 0, 30.07983
C:\Users\aldri\OneDrive\Desktop\SelfDrivingCars\IMG\center_2020_07_05_20_49_29_667.jpg, C:\Users\aldri\OneDrive\Desktop\SelfDrivingCars\IMG\left_2020_07_05_20_49_29_667.jpg, C:\Users\aldri\OneDrive\Desktop\SelfDrivingCars\IMG\right_2020_07_05_20_49_29_667.jpg, 0, 0.2143109, 0, 30.00436
C:\Users\aldri\OneDrive\Desktop\SelfDrivingCars\IMG\center_2020_07_05_20_49_29_770.jpg, C:\Users\aldri\OneDrive\Desktop\SelfDrivingCars\IMG\left_2020_07_05_20_49_29_770.jpg, C:\Users\aldri\OneDrive\Desktop\SelfDrivingCars\IMG\right_2020_07_05_20_49_29_770.jpg, 0, 0, 0, 29.79526
C:\Users\aldri\OneDrive\Desktop\SelfDrivingCars\IMG\center_2020_07_05_20_49_29_872.jpg, C:\Users\aldri\OneDrive\Desktop\SelfDrivingCars\IMG\left_2020_07_05_20_49_29_872.jpg, C:\Users\aldri\OneDrive\Desktop\SelfDrivingCars\IMG\right_2020_07_05_20_49_29_872.jpg, 0, 0, 0, 29.49514
C:\Users\aldri\OneDrive\Desktop\SelfDrivingCars\IMG\center_2020_07_05_20_49_29_976.jpg, C:\Users\aldri\OneDrive\Desktop\SelfDrivingCars\IMG\left_2020_07_05_20_49_29_976.jpg, C:\Users\aldri\OneDrive\Desktop\SelfDrivingCars\IMG\right_2020_07_05_20_49_29_976.jpg, 0, 0, 0, 29.1975
